af,rules,block,block1_correct,block2_correct,members,n
0,1R,1,0.0,0.0,"['[sub-CGAY250, 2, 2, 1, Preserve, 1R, 0, 0.857143, 1.143588, 0.0, 0.0]']",1
0,1R,1,1.0,1.0,"['[sub-CGAY215, 2, 3, 1, Preserve, 1R, 0, 0.928571, 1.141374, 1.0, 1.0]', '[sub-CGAY215, 5, 8, 1, Preserve, 1R, 0, 0.928571, 1.111156, 1.0, 1.0]', '[sub-CGAY216, 3, 4, 1, Preserve, 1R, 0, 0.857143, 0.898286, 1.0, 1.0]', '[sub-CGAY216, 3, 5, 1, Preserve, 1R, 0, 0.928571, 1.163727, 1.0, 1.0]', '[sub-CGAY217, 2, 2, 1, Preserve, 1R, 0, 0.928571, 1.241901, 1.0, 1.0]', '[sub-CGAY217, 2, 3, 1, Preserve, 1R, 0, 0.928571, 0.959976, 1.0, 1.0]', '[sub-CGAY217, 4, 6, 1, Preserve, 1R, 0, 0.928571, 1.003544, 1.0, 1.0]', '[sub-CGAY218, 2, 3, 1, Preserve, 1R, 0, 1.000000, 0.820145, 1.0, 1.0]', '[sub-CGAY218, 5, 8, 1, Preserve, 1R, 0, 0.857143, 1.034629, 1.0, 1.0]', '[sub-CGAY219, 3, 4, 1, Preserve, 1R, 0, 0.785714, 1.308620, 1.0, 1.0]', '[sub-CGAY219, 3, 5, 1, Preserve, 1R, 0, 0.857143, 1.095121, 1.0, 1.0]', '[sub-CGAY219, 5, 8, 1, Preserve, 1R, 0, 0.857143, 0.981285, 1.0, 1.0]', '[sub-CGAY220, 3, 4, 1, Preserve, 1R, 0, 0.928571, 1.265036, 1.0, 1.0]', '[sub-CGAY220, 3, 5, 1, Preserve, 1R, 0, 0.928571, 1.198270, 1.0, 1.0]', '[sub-CGAY220, 4, 6, 1, Preserve, 1R, 0, 0.857143, 0.932277, 1.0, 1.0]', '[sub-CGAY221, 3, 4, 1, Preserve, 1R, 0, 0.928571, 0.993014, 1.0, 1.0]', '[sub-CGAY221, 3, 5, 1, Preserve, 1R, 0, 0.857143, 0.795260, 1.0, 1.0]', '[sub-CGAY221, 5, 8, 1, Preserve, 1R, 0, 0.857143, 0.784881, 1.0, 1.0]', '[sub-CGAY222, 2, 3, 1, Preserve, 1R, 0, 0.857143, 1.017699, 1.0, 1.0]', '[sub-CGAY222, 4, 6, 1, Preserve, 1R, 0, 0.928571, 0.880371, 1.0, 1.0]', '[sub-CGAY224, 2, 3, 1, Preserve, 1R, 0, 0.857143, 1.079964, 1.0, 1.0]', '[sub-CGAY225, 2, 2, 1, Preserve, 1R, 0, 0.642857, 1.460242, 1.0, 1.0]', '[sub-CGAY225, 2, 3, 1, Preserve, 1R, 0, 0.928571, 1.160170, 1.0, 1.0]', '[sub-CGAY225, 4, 6, 1, Preserve, 1R, 0, 1.000000, 0.896997, 1.0, 1.0]', '[sub-CGAY226, 1, 0, 1, Preserve, 1R, 0, 0.928571, 1.134917, 1.0, 1.0]', '[sub-CGAY226, 1, 1, 1, Preserve, 1R, 0, 0.923077, 0.803554, 1.0, 1.0]', '[sub-CGAY226, 4, 6, 1, Preserve, 1R, 0, 0.928571, 0.693678, 1.0, 1.0]', '[sub-CGAY227, 2, 3, 1, Preserve, 1R, 0, 0.857143, 0.828972, 1.0, 1.0]', '[sub-CGAY227, 4, 6, 1, Preserve, 1R, 0, 0.785714, 1.052579, 1.0, 1.0]', '[sub-CGAY228, 2, 2, 1, Preserve, 1R, 0, 0.785714, 1.168936, 1.0, 1.0]', '[sub-CGAY228, 2, 3, 1, Preserve, 1R, 0, 0.928571, 0.820488, 1.0, 1.0]', '[sub-CGAY228, 4, 6, 1, Preserve, 1R, 0, 1.000000, 0.758996, 1.0, 1.0]', '[sub-CGAY229, 1, 0, 1, Preserve, 1R, 0, 0.615385, 1.257107, 1.0, 1.0]', '[sub-CGAY229, 1, 1, 1, Preserve, 1R, 0, 1.000000, 1.231665, 1.0, 1.0]', '[sub-CGAY229, 4, 6, 1, Preserve, 1R, 0, 0.928571, 0.984188, 1.0, 1.0]', '[sub-CGAY230, 3, 5, 1, Preserve, 1R, 0, 0.857143, 1.022054, 1.0, 1.0]', '[sub-CGAY230, 4, 6, 1, Preserve, 1R, 0, 0.857143, 0.994353, 1.0, 1.0]', '[sub-CGAY231, 3, 5, 1, Preserve, 1R, 0, 0.714286, 1.008602, 1.0, 1.0]', '[sub-CGAY231, 5, 8, 1, Preserve, 1R, 0, 1.000000, 1.089041, 1.0, 1.0]', '[sub-CGAY232, 1, 1, 1, Preserve, 1R, 0, 0.785714, 1.024097, 1.0, 1.0]', '[sub-CGAY232, 5, 8, 1, Preserve, 1R, 0, 0.857143, 1.003606, 1.0, 1.0]', '[sub-CGAY233, 3, 4, 1, Preserve, 1R, 0, 0.785714, 0.981647, 1.0, 1.0]', '[sub-CGAY233, 3, 5, 1, Preserve, 1R, 0, 0.857143, 0.886330, 1.0, 1.0]', '[sub-CGAY233, 5, 8, 1, Preserve, 1R, 0, 0.857143, 0.836433, 1.0, 1.0]', '[sub-CGAY234, 2, 3, 1, Preserve, 1R, 0, 0.857143, 0.833849, 1.0, 1.0]', '[sub-CGAY234, 5, 8, 1, Preserve, 1R, 0, 0.928571, 0.930375, 1.0, 1.0]', '[sub-CGAY235, 1, 0, 1, Preserve, 1R, 0, 0.857143, 1.607465, 1.0, 1.0]', '[sub-CGAY235, 1, 1, 1, Preserve, 1R, 0, 0.928571, 1.194038, 1.0, 1.0]', '[sub-CGAY236, 3, 5, 1, Preserve, 1R, 0, 0.928571, 0.889050, 1.0, 1.0]', '[sub-CGAY236, 4, 6, 1, Preserve, 1R, 0, 0.857143, 0.618327, 1.0, 1.0]', '[sub-CGAY237, 3, 4, 1, Preserve, 1R, 0, 0.857143, 1.019767, 1.0, 1.0]', '[sub-CGAY237, 3, 5, 1, Preserve, 1R, 0, 0.857143, 0.952174, 1.0, 1.0]', '[sub-CGAY237, 4, 6, 1, Preserve, 1R, 0, 0.857143, 1.131219, 1.0, 1.0]', '[sub-CGAY238, 3, 5, 1, Preserve, 1R, 0, 0.500000, 1.881663, 1.0, 1.0]', '[sub-CGAY239, 2, 2, 1, Preserve, 1R, 0, 0.714286, 1.308221, 1.0, 1.0]', '[sub-CGAY239, 2, 3, 1, Preserve, 1R, 0, 1.000000, 0.872125, 1.0, 1.0]', '[sub-CGAY239, 4, 6, 1, Preserve, 1R, 0, 0.928571, 0.951908, 1.0, 1.0]', '[sub-CGAY241, 3, 5, 1, Preserve, 1R, 0, 1.000000, 1.021068, 1.0, 1.0]', '[sub-CGAY241, 4, 6, 1, Preserve, 1R, 0, 1.000000, 0.955475, 1.0, 1.0]', '[sub-CGAY242, 1, 1, 1, Preserve, 1R, 0, 0.857143, 0.854355, 1.0, 1.0]', '[sub-CGAY242, 5, 8, 1, Preserve, 1R, 0, 0.857143, 1.002358, 1.0, 1.0]', '[sub-CGAY243, 2, 2, 1, Preserve, 1R, 0, 0.928571, 0.822029, 1.0, 1.0]', '[sub-CGAY243, 2, 3, 1, Preserve, 1R, 0, 0.857143, 0.750908, 1.0, 1.0]', '[sub-CGAY243, 5, 8, 1, Preserve, 1R, 0, 0.857143, 1.058194, 1.0, 1.0]', '[sub-CGAY244, 3, 5, 1, Preserve, 1R, 0, 0.857143, 0.967794, 1.0, 1.0]', '[sub-CGAY244, 5, 8, 1, Preserve, 1R, 0, 0.928571, 0.838470, 1.0, 1.0]', '[sub-CGAY245, 1, 1, 1, Preserve, 1R, 0, 0.857143, 1.051308, 1.0, 1.0]', '[sub-CGAY245, 5, 8, 1, Preserve, 1R, 0, 0.928571, 0.735347, 1.0, 1.0]', '[sub-CGAY246, 3, 4, 1, Preserve, 1R, 0, 0.642857, 0.901056, 1.0, 1.0]', '[sub-CGAY246, 3, 5, 1, Preserve, 1R, 0, 0.928571, 0.721974, 1.0, 1.0]', '[sub-CGAY246, 5, 8, 1, Preserve, 1R, 0, 0.928571, 0.780018, 1.0, 1.0]', '[sub-CGAY247, 3, 5, 1, Preserve, 1R, 0, 1.000000, 1.536893, 1.0, 1.0]', '[sub-CGAY247, 5, 8, 1, Preserve, 1R, 0, 0.928571, 1.054837, 1.0, 1.0]', '[sub-CGAY249, 1, 1, 1, Preserve, 1R, 0, 0.923077, 0.834178, 1.0, 1.0]', '[sub-CGAY249, 4, 6, 1, Preserve, 1R, 0, 0.928571, 0.947799, 1.0, 1.0]', '[sub-CGAY250, 4, 6, 1, Preserve, 1R, 0, 0.785714, 1.065286, 1.0, 1.0]']",76
0,1R,2,0.0,0.0,"['[sub-CGAY250, 2, 2, 2, Preserve, 1R, 0, 0.812500, 1.082747, 0.0, 0.0]']",1
0,1R,2,1.0,1.0,"['[sub-CGAY215, 2, 3, 2, Preserve, 1R, 0, 0.875000, 1.065762, 1.0, 1.0]', '[sub-CGAY215, 5, 8, 2, Preserve, 1R, 0, 1.000000, 1.237108, 1.0, 1.0]', '[sub-CGAY216, 3, 4, 2, Preserve, 1R, 0, 1.000000, 1.031952, 1.0, 1.0]', '[sub-CGAY216, 3, 5, 2, Preserve, 1R, 0, 0.937500, 1.161835, 1.0, 1.0]', '[sub-CGAY217, 2, 2, 2, Preserve, 1R, 0, 1.000000, 0.955051, 1.0, 1.0]', '[sub-CGAY217, 2, 3, 2, Preserve, 1R, 0, 1.000000, 0.762921, 1.0, 1.0]', '[sub-CGAY217, 4, 6, 2, Preserve, 1R, 0, 1.000000, 0.707578, 1.0, 1.0]', '[sub-CGAY218, 2, 3, 2, Preserve, 1R, 0, 0.937500, 0.823704, 1.0, 1.0]', '[sub-CGAY218, 5, 8, 2, Preserve, 1R, 0, 1.000000, 0.728937, 1.0, 1.0]', '[sub-CGAY219, 3, 4, 2, Preserve, 1R, 0, 0.937500, 1.050136, 1.0, 1.0]', '[sub-CGAY219, 3, 5, 2, Preserve, 1R, 0, 1.000000, 0.813365, 1.0, 1.0]', '[sub-CGAY219, 5, 8, 2, Preserve, 1R, 0, 1.000000, 0.968165, 1.0, 1.0]', '[sub-CGAY220, 3, 4, 2, Preserve, 1R, 0, 0.937500, 1.199732, 1.0, 1.0]', '[sub-CGAY220, 3, 5, 2, Preserve, 1R, 0, 0.875000, 1.008110, 1.0, 1.0]', '[sub-CGAY220, 4, 6, 2, Preserve, 1R, 0, 1.000000, 0.985598, 1.0, 1.0]', '[sub-CGAY221, 3, 4, 2, Preserve, 1R, 0, 1.000000, 1.015409, 1.0, 1.0]', '[sub-CGAY221, 3, 5, 2, Preserve, 1R, 0, 0.937500, 0.743024, 1.0, 1.0]', '[sub-CGAY221, 5, 8, 2, Preserve, 1R, 0, 1.000000, 0.698398, 1.0, 1.0]', '[sub-CGAY222, 2, 3, 2, Preserve, 1R, 0, 1.000000, 0.910584, 1.0, 1.0]', '[sub-CGAY222, 4, 6, 2, Preserve, 1R, 0, 1.000000, 0.850054, 1.0, 1.0]', '[sub-CGAY224, 2, 3, 2, Preserve, 1R, 0, 0.937500, 0.906900, 1.0, 1.0]', '[sub-CGAY225, 2, 2, 2, Preserve, 1R, 0, 1.000000, 0.928687, 1.0, 1.0]', '[sub-CGAY225, 2, 3, 2, Preserve, 1R, 0, 1.000000, 0.775453, 1.0, 1.0]', '[sub-CGAY225, 4, 6, 2, Preserve, 1R, 0, 1.000000, 0.792250, 1.0, 1.0]', '[sub-CGAY226, 1, 0, 2, Preserve, 1R, 0, 1.000000, 0.810809, 1.0, 1.0]', '[sub-CGAY226, 1, 1, 2, Preserve, 1R, 0, 1.000000, 0.731307, 1.0, 1.0]', '[sub-CGAY226, 4, 6, 2, Preserve, 1R, 0, 1.000000, 0.628983, 1.0, 1.0]', '[sub-CGAY227, 2, 3, 2, Preserve, 1R, 0, 1.000000, 0.728997, 1.0, 1.0]', '[sub-CGAY227, 4, 6, 2, Preserve, 1R, 0, 1.000000, 0.716571, 1.0, 1.0]', '[sub-CGAY228, 2, 2, 2, Preserve, 1R, 0, 0.875000, 0.765382, 1.0, 1.0]', '[sub-CGAY228, 2, 3, 2, Preserve, 1R, 0, 1.000000, 0.840316, 1.0, 1.0]', '[sub-CGAY228, 4, 6, 2, Preserve, 1R, 0, 1.000000, 0.613059, 1.0, 1.0]', '[sub-CGAY229, 1, 0, 2, Preserve, 1R, 0, 0.937500, 1.075046, 1.0, 1.0]', '[sub-CGAY229, 1, 1, 2, Preserve, 1R, 0, 0.812500, 1.271995, 1.0, 1.0]', '[sub-CGAY229, 4, 6, 2, Preserve, 1R, 0, 0.937500, 0.795002, 1.0, 1.0]', '[sub-CGAY230, 3, 5, 2, Preserve, 1R, 0, 1.000000, 1.053800, 1.0, 1.0]', '[sub-CGAY230, 4, 6, 2, Preserve, 1R, 0, 1.000000, 1.276493, 1.0, 1.0]', '[sub-CGAY231, 3, 5, 2, Preserve, 1R, 0, 0.937500, 0.833740, 1.0, 1.0]', '[sub-CGAY231, 5, 8, 2, Preserve, 1R, 0, 1.000000, 0.783542, 1.0, 1.0]', '[sub-CGAY232, 1, 1, 2, Preserve, 1R, 0, 1.000000, 0.933146, 1.0, 1.0]', '[sub-CGAY232, 5, 8, 2, Preserve, 1R, 0, 1.000000, 0.856989, 1.0, 1.0]', '[sub-CGAY233, 3, 4, 2, Preserve, 1R, 0, 1.000000, 0.765449, 1.0, 1.0]', '[sub-CGAY233, 3, 5, 2, Preserve, 1R, 0, 1.000000, 0.723768, 1.0, 1.0]', '[sub-CGAY233, 5, 8, 2, Preserve, 1R, 0, 1.000000, 0.871699, 1.0, 1.0]', '[sub-CGAY234, 2, 3, 2, Preserve, 1R, 0, 1.000000, 0.863510, 1.0, 1.0]', '[sub-CGAY234, 5, 8, 2, Preserve, 1R, 0, 0.937500, 0.862856, 1.0, 1.0]', '[sub-CGAY235, 1, 0, 2, Preserve, 1R, 0, 1.000000, 1.301551, 1.0, 1.0]', '[sub-CGAY235, 1, 1, 2, Preserve, 1R, 0, 0.875000, 1.161569, 1.0, 1.0]', '[sub-CGAY236, 3, 5, 2, Preserve, 1R, 0, 1.000000, 0.677841, 1.0, 1.0]', '[sub-CGAY236, 4, 6, 2, Preserve, 1R, 0, 1.000000, 0.612138, 1.0, 1.0]', '[sub-CGAY237, 3, 4, 2, Preserve, 1R, 0, 0.875000, 1.029423, 1.0, 1.0]', '[sub-CGAY237, 3, 5, 2, Preserve, 1R, 0, 0.937500, 0.967160, 1.0, 1.0]', '[sub-CGAY237, 4, 6, 2, Preserve, 1R, 0, 0.937500, 1.030831, 1.0, 1.0]', '[sub-CGAY238, 3, 5, 2, Preserve, 1R, 0, 0.937500, 0.851431, 1.0, 1.0]', '[sub-CGAY239, 2, 2, 2, Preserve, 1R, 0, 1.000000, 1.122392, 1.0, 1.0]', '[sub-CGAY239, 2, 3, 2, Preserve, 1R, 0, 1.000000, 1.019028, 1.0, 1.0]', '[sub-CGAY239, 4, 6, 2, Preserve, 1R, 0, 1.000000, 0.947136, 1.0, 1.0]', '[sub-CGAY241, 3, 5, 2, Preserve, 1R, 0, 1.000000, 0.720036, 1.0, 1.0]', '[sub-CGAY241, 4, 6, 2, Preserve, 1R, 0, 0.937500, 0.852807, 1.0, 1.0]', '[sub-CGAY242, 1, 1, 2, Preserve, 1R, 0, 1.000000, 0.815833, 1.0, 1.0]', '[sub-CGAY242, 5, 8, 2, Preserve, 1R, 0, 1.000000, 0.835471, 1.0, 1.0]', '[sub-CGAY243, 2, 2, 2, Preserve, 1R, 0, 1.000000, 0.781225, 1.0, 1.0]', '[sub-CGAY243, 2, 3, 2, Preserve, 1R, 0, 1.000000, 0.675784, 1.0, 1.0]', '[sub-CGAY243, 5, 8, 2, Preserve, 1R, 0, 1.000000, 0.669983, 1.0, 1.0]', '[sub-CGAY244, 3, 5, 2, Preserve, 1R, 0, 1.000000, 0.895959, 1.0, 1.0]', '[sub-CGAY244, 5, 8, 2, Preserve, 1R, 0, 1.000000, 0.873033, 1.0, 1.0]', '[sub-CGAY245, 1, 1, 2, Preserve, 1R, 0, 1.000000, 0.824874, 1.0, 1.0]', '[sub-CGAY245, 5, 8, 2, Preserve, 1R, 0, 1.000000, 0.749609, 1.0, 1.0]', '[sub-CGAY246, 3, 4, 2, Preserve, 1R, 0, 1.000000, 0.746626, 1.0, 1.0]', '[sub-CGAY246, 3, 5, 2, Preserve, 1R, 0, 1.000000, 0.695854, 1.0, 1.0]', '[sub-CGAY246, 5, 8, 2, Preserve, 1R, 0, 1.000000, 0.679497, 1.0, 1.0]', '[sub-CGAY247, 3, 5, 2, Preserve, 1R, 0, 0.937500, 1.246118, 1.0, 1.0]', '[sub-CGAY247, 5, 8, 2, Preserve, 1R, 0, 1.000000, 0.975756, 1.0, 1.0]', '[sub-CGAY249, 1, 1, 2, Preserve, 1R, 0, 1.000000, 0.847190, 1.0, 1.0]', '[sub-CGAY249, 4, 6, 2, Preserve, 1R, 0, 1.000000, 0.804298, 1.0, 1.0]', '[sub-CGAY250, 4, 6, 2, Preserve, 1R, 0, 0.875000, 1.156320, 1.0, 1.0]']",76
0,2R,1,0.0,0.0,"['[sub-CGAY216, 5, 8, 1, Preserve, 2R, 0, 0.714286, 0.957997, 0.0, 0.0]']",1
0,2R,1,1.0,1.0,"['[sub-CGAY215, 5, 9, 1, Expand, 2R, 0, 1.000000, 1.259896, 1.0, 1.0]', '[sub-CGAY216, 1, 0, 1, Expand, 2R, 0, 0.857143, 1.119367, 1.0, 1.0]', '[sub-CGAY217, 3, 4, 1, Expand, 2R, 0, 0.928571, 1.186997, 1.0, 1.0]', '[sub-CGAY217, 4, 7, 1, Expand, 2R, 0, 0.928571, 1.196150, 1.0, 1.0]', '[sub-CGAY218, 3, 4, 1, Expand, 2R, 0, 0.857143, 0.972126, 1.0, 1.0]', '[sub-CGAY218, 5, 9, 1, Expand, 2R, 0, 0.928571, 0.762141, 1.0, 1.0]', '[sub-CGAY219, 2, 2, 1, Expand, 2R, 0, 0.857143, 1.396674, 1.0, 1.0]', '[sub-CGAY220, 2, 2, 1, Expand, 2R, 0, 0.857143, 1.270587, 1.0, 1.0]', '[sub-CGAY220, 4, 7, 1, Expand, 2R, 0, 0.928571, 1.215871, 1.0, 1.0]', '[sub-CGAY221, 5, 9, 1, Expand, 2R, 0, 0.928571, 0.791419, 1.0, 1.0]', '[sub-CGAY222, 1, 0, 1, Expand, 2R, 0, 0.857143, 1.451987, 1.0, 1.0]', '[sub-CGAY222, 4, 7, 1, Expand, 2R, 0, 0.857143, 0.859694, 1.0, 1.0]', '[sub-CGAY224, 1, 0, 1, Expand, 2R, 0, 0.785714, 1.176180, 1.0, 1.0]', '[sub-CGAY225, 4, 7, 1, Expand, 2R, 0, 0.928571, 0.972590, 1.0, 1.0]', '[sub-CGAY225, 5, 8, 1, Preserve, 2R, 0, 0.857143, 0.885987, 1.0, 1.0]', '[sub-CGAY226, 2, 2, 1, Expand, 2R, 0, 0.928571, 0.738708, 1.0, 1.0]', '[sub-CGAY226, 4, 7, 1, Expand, 2R, 0, 0.928571, 0.790287, 1.0, 1.0]', '[sub-CGAY227, 3, 4, 1, Expand, 2R, 0, 0.857143, 0.743510, 1.0, 1.0]', '[sub-CGAY228, 1, 0, 1, Expand, 2R, 0, 0.769231, 1.101915, 1.0, 1.0]', '[sub-CGAY229, 3, 4, 1, Expand, 2R, 0, 0.785714, 0.978930, 1.0, 1.0]', '[sub-CGAY229, 5, 8, 1, Preserve, 2R, 0, 0.928571, 0.793075, 1.0, 1.0]', '[sub-CGAY230, 2, 2, 1, Expand, 2R, 0, 0.928571, 1.191756, 1.0, 1.0]', '[sub-CGAY230, 4, 7, 1, Expand, 2R, 0, 0.928571, 1.037386, 1.0, 1.0]', '[sub-CGAY231, 1, 0, 1, Expand, 2R, 0, 0.928571, 0.952048, 1.0, 1.0]', '[sub-CGAY232, 5, 9, 1, Expand, 2R, 0, 0.785714, 1.319040, 1.0, 1.0]', '[sub-CGAY233, 5, 9, 1, Expand, 2R, 0, 1.000000, 0.784971, 1.0, 1.0]', '[sub-CGAY234, 1, 0, 1, Expand, 2R, 0, 0.857143, 1.271352, 1.0, 1.0]', '[sub-CGAY234, 5, 9, 1, Expand, 2R, 0, 0.928571, 0.676439, 1.0, 1.0]', '[sub-CGAY235, 5, 8, 1, Preserve, 2R, 0, 0.857143, 0.959256, 1.0, 1.0]', '[sub-CGAY236, 2, 2, 1, Expand, 2R, 0, 0.857143, 0.761204, 1.0, 1.0]', '[sub-CGAY236, 4, 7, 1, Expand, 2R, 0, 0.928571, 0.625075, 1.0, 1.0]', '[sub-CGAY237, 4, 7, 1, Expand, 2R, 0, 1.000000, 1.128599, 1.0, 1.0]', '[sub-CGAY238, 4, 7, 1, Expand, 2R, 0, 1.000000, 0.951471, 1.0, 1.0]', '[sub-CGAY239, 3, 4, 1, Expand, 2R, 0, 0.857143, 1.107722, 1.0, 1.0]', '[sub-CGAY239, 4, 7, 1, Expand, 2R, 0, 0.928571, 0.922898, 1.0, 1.0]', '[sub-CGAY241, 2, 2, 1, Expand, 2R, 0, 0.857143, 0.774955, 1.0, 1.0]', '[sub-CGAY241, 4, 7, 1, Expand, 2R, 0, 0.928571, 0.803001, 1.0, 1.0]', '[sub-CGAY242, 2, 2, 1, Expand, 2R, 0, 0.928571, 1.010061, 1.0, 1.0]', '[sub-CGAY242, 5, 9, 1, Expand, 2R, 0, 1.000000, 0.834722, 1.0, 1.0]', '[sub-CGAY243, 1, 0, 1, Expand, 2R, 0, 0.785714, 0.970402, 1.0, 1.0]', '[sub-CGAY243, 4, 6, 1, Preserve, 2R, 0, 0.928571, 1.030322, 1.0, 1.0]', '[sub-CGAY244, 1, 0, 1, Expand, 2R, 0, 0.857143, 0.964677, 1.0, 1.0]', '[sub-CGAY244, 5, 9, 1, Expand, 2R, 0, 1.000000, 1.001155, 1.0, 1.0]', '[sub-CGAY245, 5, 9, 1, Expand, 2R, 0, 1.000000, 0.756082, 1.0, 1.0]', '[sub-CGAY246, 2, 2, 1, Expand, 2R, 0, 0.928571, 0.799574, 1.0, 1.0]', '[sub-CGAY246, 5, 9, 1, Expand, 2R, 0, 0.928571, 0.841177, 1.0, 1.0]', '[sub-CGAY247, 5, 9, 1, Expand, 2R, 0, 0.857143, 1.548512, 1.0, 1.0]', '[sub-CGAY249, 2, 2, 1, Expand, 2R, 0, 0.857143, 1.059393, 1.0, 1.0]']",48
0,2R,2,0.0,0.0,"['[sub-CGAY216, 5, 8, 2, Preserve, 2R, 0, 0.875000, 0.884820, 0.0, 0.0]']",1
0,2R,2,1.0,1.0,"['[sub-CGAY215, 5, 9, 2, Expand, 2R, 0, 0.937500, 1.102704, 1.0, 1.0]', '[sub-CGAY216, 1, 0, 2, Expand, 2R, 0, 0.812500, 1.107240, 1.0, 1.0]', '[sub-CGAY217, 3, 4, 2, Expand, 2R, 0, 1.000000, 0.932490, 1.0, 1.0]', '[sub-CGAY217, 4, 7, 2, Expand, 2R, 0, 1.000000, 0.798790, 1.0, 1.0]', '[sub-CGAY218, 3, 4, 2, Expand, 2R, 0, 0.750000, 0.935023, 1.0, 1.0]', '[sub-CGAY218, 5, 9, 2, Expand, 2R, 0, 1.000000, 0.777363, 1.0, 1.0]', '[sub-CGAY219, 2, 2, 2, Expand, 2R, 0, 1.000000, 1.084981, 1.0, 1.0]', '[sub-CGAY220, 2, 2, 2, Expand, 2R, 0, 0.866667, 1.522739, 1.0, 1.0]', '[sub-CGAY220, 4, 7, 2, Expand, 2R, 0, 1.000000, 0.804817, 1.0, 1.0]', '[sub-CGAY221, 5, 9, 2, Expand, 2R, 0, 1.000000, 0.798629, 1.0, 1.0]', '[sub-CGAY222, 1, 0, 2, Expand, 2R, 0, 0.937500, 1.107898, 1.0, 1.0]', '[sub-CGAY222, 4, 7, 2, Expand, 2R, 0, 0.937500, 1.196183, 1.0, 1.0]', '[sub-CGAY224, 1, 0, 2, Expand, 2R, 0, 1.000000, 1.121942, 1.0, 1.0]', '[sub-CGAY225, 4, 7, 2, Expand, 2R, 0, 1.000000, 0.798051, 1.0, 1.0]', '[sub-CGAY225, 5, 8, 2, Preserve, 2R, 0, 0.937500, 0.569405, 1.0, 1.0]', '[sub-CGAY226, 2, 2, 2, Expand, 2R, 0, 0.937500, 0.663840, 1.0, 1.0]', '[sub-CGAY226, 4, 7, 2, Expand, 2R, 0, 1.000000, 0.703613, 1.0, 1.0]', '[sub-CGAY227, 3, 4, 2, Expand, 2R, 0, 1.000000, 0.629947, 1.0, 1.0]', '[sub-CGAY228, 1, 0, 2, Expand, 2R, 0, 1.000000, 0.792818, 1.0, 1.0]', '[sub-CGAY229, 3, 4, 2, Expand, 2R, 0, 0.937500, 0.974464, 1.0, 1.0]', '[sub-CGAY229, 5, 8, 2, Preserve, 2R, 0, 0.875000, 1.005366, 1.0, 1.0]', '[sub-CGAY230, 2, 2, 2, Expand, 2R, 0, 0.937500, 1.422029, 1.0, 1.0]', '[sub-CGAY230, 4, 7, 2, Expand, 2R, 0, 1.000000, 1.022812, 1.0, 1.0]', '[sub-CGAY231, 1, 0, 2, Expand, 2R, 0, 1.000000, 0.882149, 1.0, 1.0]', '[sub-CGAY232, 5, 9, 2, Expand, 2R, 0, 1.000000, 1.001813, 1.0, 1.0]', '[sub-CGAY233, 5, 9, 2, Expand, 2R, 0, 1.000000, 0.796420, 1.0, 1.0]', '[sub-CGAY234, 1, 0, 2, Expand, 2R, 0, 0.937500, 1.663881, 1.0, 1.0]', '[sub-CGAY234, 5, 9, 2, Expand, 2R, 0, 1.000000, 0.784297, 1.0, 1.0]', '[sub-CGAY235, 5, 8, 2, Preserve, 2R, 0, 1.000000, 0.656161, 1.0, 1.0]', '[sub-CGAY236, 2, 2, 2, Expand, 2R, 0, 1.000000, 0.783937, 1.0, 1.0]', '[sub-CGAY236, 4, 7, 2, Expand, 2R, 0, 1.000000, 0.640697, 1.0, 1.0]', '[sub-CGAY237, 4, 7, 2, Expand, 2R, 0, 1.000000, 0.965245, 1.0, 1.0]', '[sub-CGAY238, 4, 7, 2, Expand, 2R, 0, 0.937500, 0.938005, 1.0, 1.0]', '[sub-CGAY239, 3, 4, 2, Expand, 2R, 0, 1.000000, 1.241695, 1.0, 1.0]', '[sub-CGAY239, 4, 7, 2, Expand, 2R, 0, 1.000000, 0.995016, 1.0, 1.0]', '[sub-CGAY241, 2, 2, 2, Expand, 2R, 0, 1.000000, 0.875100, 1.0, 1.0]', '[sub-CGAY241, 4, 7, 2, Expand, 2R, 0, 1.000000, 0.772911, 1.0, 1.0]', '[sub-CGAY242, 2, 2, 2, Expand, 2R, 0, 1.000000, 0.875650, 1.0, 1.0]', '[sub-CGAY242, 5, 9, 2, Expand, 2R, 0, 1.000000, 0.829022, 1.0, 1.0]', '[sub-CGAY243, 1, 0, 2, Expand, 2R, 0, 1.000000, 0.812459, 1.0, 1.0]', '[sub-CGAY243, 4, 6, 2, Preserve, 2R, 0, 1.000000, 0.688485, 1.0, 1.0]', '[sub-CGAY244, 1, 0, 2, Expand, 2R, 0, 1.000000, 1.274312, 1.0, 1.0]', '[sub-CGAY244, 5, 9, 2, Expand, 2R, 0, 1.000000, 0.919596, 1.0, 1.0]', '[sub-CGAY245, 5, 9, 2, Expand, 2R, 0, 0.937500, 0.729369, 1.0, 1.0]', '[sub-CGAY246, 2, 2, 2, Expand, 2R, 0, 0.937500, 0.711708, 1.0, 1.0]', '[sub-CGAY246, 5, 9, 2, Expand, 2R, 0, 0.937500, 0.621728, 1.0, 1.0]', '[sub-CGAY247, 5, 9, 2, Expand, 2R, 0, 1.000000, 1.190714, 1.0, 1.0]', '[sub-CGAY249, 2, 2, 2, Expand, 2R, 0, 1.000000, 0.978414, 1.0, 1.0]']",48
0,4R,1,0.0,0.0,"['[sub-CGAY238, 1, 1, 1, Expand, 4R, 0, 0.923077, 1.435884, 0.0, 0.0]']",1
0,4R,1,1.0,1.0,"['[sub-CGAY216, 2, 3, 1, Expand, 4R, 0, 1.000000, 0.794264, 1.0, 1.0]', '[sub-CGAY217, 1, 0, 1, Destroy, 4R, 0, 0.846154, 1.559041, 1.0, 1.0]', '[sub-CGAY219, 1, 0, 1, Destroy, 4R, 0, 0.857143, 1.148277, 1.0, 1.0]', '[sub-CGAY220, 1, 1, 1, Expand, 4R, 0, 0.928571, 1.160779, 1.0, 1.0]', '[sub-CGAY220, 2, 3, 1, Destroy, 4R, 0, 0.857143, 1.198060, 1.0, 1.0]', '[sub-CGAY228, 1, 1, 1, Destroy, 4R, 0, 0.928571, 0.976409, 1.0, 1.0]', '[sub-CGAY228, 3, 5, 1, Expand, 4R, 0, 0.857143, 0.841608, 1.0, 1.0]', '[sub-CGAY229, 2, 2, 1, Destroy, 4R, 0, 0.785714, 1.065692, 1.0, 1.0]', '[sub-CGAY231, 2, 3, 1, Expand, 4R, 0, 0.857143, 0.844852, 1.0, 1.0]', '[sub-CGAY233, 1, 1, 1, Expand, 4R, 0, 0.928571, 1.384115, 1.0, 1.0]', '[sub-CGAY234, 3, 5, 1, Expand, 4R, 0, 1.000000, 1.045081, 1.0, 1.0]', '[sub-CGAY236, 2, 3, 1, Destroy, 4R, 0, 1.000000, 0.722823, 1.0, 1.0]', '[sub-CGAY241, 1, 0, 1, Destroy, 4R, 0, 0.714286, 1.540868, 1.0, 1.0]', '[sub-CGAY241, 2, 3, 1, Destroy, 4R, 0, 0.857143, 0.984919, 1.0, 1.0]', '[sub-CGAY246, 4, 7, 1, Destroy, 4R, 0, 0.928571, 0.806882, 1.0, 1.0]', '[sub-CGAY250, 1, 0, 1, Destroy, 4R, 0, 0.500000, 1.488606, 1.0, 1.0]']",16
0,4R,2,0.0,0.0,"['[sub-CGAY238, 1, 1, 2, Expand, 4R, 0, 0.937500, 1.797899, 0.0, 0.0]']",1
0,4R,2,1.0,1.0,"['[sub-CGAY216, 2, 3, 2, Expand, 4R, 0, 1.000000, 0.946592, 1.0, 1.0]', '[sub-CGAY217, 1, 0, 2, Destroy, 4R, 0, 1.000000, 0.914699, 1.0, 1.0]', '[sub-CGAY219, 1, 0, 2, Destroy, 4R, 0, 0.937500, 0.979839, 1.0, 1.0]', '[sub-CGAY220, 1, 1, 2, Expand, 4R, 0, 1.000000, 1.090619, 1.0, 1.0]', '[sub-CGAY220, 2, 3, 2, Destroy, 4R, 0, 0.937500, 1.109309, 1.0, 1.0]', '[sub-CGAY228, 1, 1, 2, Destroy, 4R, 0, 0.937500, 1.065743, 1.0, 1.0]', '[sub-CGAY228, 3, 5, 2, Expand, 4R, 0, 0.937500, 0.810268, 1.0, 1.0]', '[sub-CGAY229, 2, 2, 2, Destroy, 4R, 0, 0.875000, 1.070420, 1.0, 1.0]', '[sub-CGAY231, 2, 3, 2, Expand, 4R, 0, 0.937500, 0.784557, 1.0, 1.0]', '[sub-CGAY233, 1, 1, 2, Expand, 4R, 0, 1.000000, 0.869512, 1.0, 1.0]', '[sub-CGAY234, 3, 5, 2, Expand, 4R, 0, 0.937500, 0.849233, 1.0, 1.0]', '[sub-CGAY236, 2, 3, 2, Destroy, 4R, 0, 1.000000, 0.707122, 1.0, 1.0]', '[sub-CGAY241, 1, 0, 2, Destroy, 4R, 0, 1.000000, 0.862599, 1.0, 1.0]', '[sub-CGAY241, 2, 3, 2, Destroy, 4R, 0, 1.000000, 0.797941, 1.0, 1.0]', '[sub-CGAY246, 4, 7, 2, Destroy, 4R, 0, 1.000000, 0.739123, 1.0, 1.0]', '[sub-CGAY250, 1, 0, 2, Destroy, 4R, 0, 0.937500, 1.166745, 1.0, 1.0]']",16
1,1R,1,0.0,0.0,"['[sub-CGAY242, 1, 0, 1, Preserve, 1R, 1, 0.928571, 1.262167, 0.0, 0.0]']",1
1,1R,1,0.0,1.0,"['[sub-CGAY215, 2, 2, 1, Preserve, 1R, 1, 0.642857, 1.177447, 0.0, 1.0]', '[sub-CGAY222, 2, 2, 1, Preserve, 1R, 1, 0.857143, 1.284584, 0.0, 1.0]', '[sub-CGAY224, 2, 2, 1, Preserve, 1R, 1, 0.928571, 1.301717, 0.0, 1.0]', '[sub-CGAY227, 2, 2, 1, Preserve, 1R, 1, 0.857143, 1.017833, 0.0, 1.0]', '[sub-CGAY230, 3, 4, 1, Preserve, 1R, 1, 0.857143, 1.218586, 0.0, 1.0]', '[sub-CGAY231, 3, 4, 1, Preserve, 1R, 1, 0.857143, 1.059560, 0.0, 1.0]', '[sub-CGAY234, 2, 2, 1, Preserve, 1R, 1, 0.714286, 1.248144, 0.0, 1.0]', '[sub-CGAY235, 4, 6, 1, Preserve, 1R, 1, 0.785714, 1.726266, 0.0, 1.0]', '[sub-CGAY241, 3, 4, 1, Preserve, 1R, 1, 0.714286, 1.168649, 0.0, 1.0]', '[sub-CGAY244, 3, 4, 1, Preserve, 1R, 1, 0.928571, 1.098631, 0.0, 1.0]', '[sub-CGAY245, 1, 0, 1, Preserve, 1R, 1, 0.857143, 1.074400, 0.0, 1.0]', '[sub-CGAY247, 3, 4, 1, Preserve, 1R, 1, 0.785714, 1.587014, 0.0, 1.0]', '[sub-CGAY249, 1, 0, 1, Preserve, 1R, 1, 0.692308, 1.354518, 0.0, 1.0]', '[sub-CGAY250, 2, 3, 1, Preserve, 1R, 1, 0.785714, 1.457903, 0.0, 1.0]']",14
1,1R,1,1.0,0.0,"['[sub-CGAY216, 4, 6, 1, Preserve, 1R, 1, 0.857143, 0.971904, 1.0, 0.0]', '[sub-CGAY224, 5, 8, 1, Preserve, 1R, 1, 0.857143, 0.974667, 1.0, 0.0]']",2
1,1R,2,0.0,0.0,"['[sub-CGAY242, 1, 0, 2, Preserve, 1R, 1, 1.000000, 0.913928, 0.0, 0.0]']",1
1,1R,2,0.0,1.0,"['[sub-CGAY215, 2, 2, 2, Preserve, 1R, 1, 1.000000, 0.982559, 0.0, 1.0]', '[sub-CGAY222, 2, 2, 2, Preserve, 1R, 1, 0.937500, 0.941271, 0.0, 1.0]', '[sub-CGAY224, 2, 2, 2, Preserve, 1R, 1, 0.937500, 1.010777, 0.0, 1.0]', '[sub-CGAY227, 2, 2, 2, Preserve, 1R, 1, 0.937500, 0.819452, 0.0, 1.0]', '[sub-CGAY230, 3, 4, 2, Preserve, 1R, 1, 0.937500, 1.181842, 0.0, 1.0]', '[sub-CGAY231, 3, 4, 2, Preserve, 1R, 1, 1.000000, 0.951747, 0.0, 1.0]', '[sub-CGAY234, 2, 2, 2, Preserve, 1R, 1, 1.000000, 0.914715, 0.0, 1.0]', '[sub-CGAY235, 4, 6, 2, Preserve, 1R, 1, 0.875000, 0.991112, 0.0, 1.0]', '[sub-CGAY241, 3, 4, 2, Preserve, 1R, 1, 0.937500, 0.831440, 0.0, 1.0]', '[sub-CGAY244, 3, 4, 2, Preserve, 1R, 1, 0.937500, 0.923348, 0.0, 1.0]', '[sub-CGAY245, 1, 0, 2, Preserve, 1R, 1, 0.937500, 1.047379, 0.0, 1.0]', '[sub-CGAY247, 3, 4, 2, Preserve, 1R, 1, 1.000000, 1.120059, 0.0, 1.0]', '[sub-CGAY249, 1, 0, 2, Preserve, 1R, 1, 0.937500, 1.346665, 0.0, 1.0]', '[sub-CGAY250, 2, 3, 2, Preserve, 1R, 1, 0.812500, 1.286731, 0.0, 1.0]']",14
1,1R,2,1.0,0.0,"['[sub-CGAY216, 4, 6, 2, Preserve, 1R, 1, 0.937500, 1.055503, 1.0, 0.0]', '[sub-CGAY224, 5, 8, 2, Preserve, 1R, 1, 1.000000, 1.003818, 1.0, 0.0]']",2
1,2R,1,0.0,0.0,"['[sub-CGAY216, 4, 7, 1, Expand, 2R, 1, 0.928571, 1.128619, 0.0, 0.0]', '[sub-CGAY224, 5, 9, 1, Expand, 2R, 1, 0.928571, 0.857652, 0.0, 0.0]']",2
1,2R,1,0.0,1.0,"['[sub-CGAY215, 4, 6, 1, Preserve, 2R, 1, 0.857143, 0.852210, 0.0, 1.0]', '[sub-CGAY217, 5, 8, 1, Preserve, 2R, 1, 0.857143, 0.970988, 0.0, 1.0]', '[sub-CGAY218, 4, 6, 1, Preserve, 2R, 1, 0.857143, 0.915898, 0.0, 1.0]', '[sub-CGAY219, 4, 6, 1, Preserve, 2R, 1, 0.714286, 1.176103, 0.0, 1.0]', '[sub-CGAY220, 5, 8, 1, Preserve, 2R, 1, 0.857143, 0.973156, 0.0, 1.0]', '[sub-CGAY221, 4, 6, 1, Preserve, 2R, 1, 0.857143, 0.792219, 0.0, 1.0]', '[sub-CGAY222, 5, 8, 1, Preserve, 2R, 1, 0.928571, 0.869949, 0.0, 1.0]', '[sub-CGAY224, 4, 6, 1, Preserve, 2R, 1, 0.857143, 1.199796, 0.0, 1.0]', '[sub-CGAY226, 5, 8, 1, Preserve, 2R, 1, 0.857143, 0.676125, 0.0, 1.0]', '[sub-CGAY227, 5, 8, 1, Preserve, 2R, 1, 0.857143, 0.733789, 0.0, 1.0]', '[sub-CGAY228, 5, 8, 1, Preserve, 2R, 1, 0.928571, 0.744002, 0.0, 1.0]', '[sub-CGAY230, 5, 8, 1, Preserve, 2R, 1, 0.857143, 0.926448, 0.0, 1.0]', '[sub-CGAY231, 4, 6, 1, Preserve, 2R, 1, 0.857143, 0.811015, 0.0, 1.0]', '[sub-CGAY232, 4, 6, 1, Preserve, 2R, 1, 0.928571, 1.008394, 0.0, 1.0]', '[sub-CGAY233, 4, 6, 1, Preserve, 2R, 1, 0.857143, 0.796151, 0.0, 1.0]', '[sub-CGAY234, 4, 6, 1, Preserve, 2R, 1, 0.785714, 1.014723, 0.0, 1.0]', '[sub-CGAY235, 4, 7, 1, Expand, 2R, 1, 0.857143, 1.141122, 0.0, 1.0]', '[sub-CGAY236, 5, 8, 1, Preserve, 2R, 1, 0.928571, 0.641433, 0.0, 1.0]', '[sub-CGAY237, 5, 8, 1, Preserve, 2R, 1, 0.785714, 1.087251, 0.0, 1.0]', '[sub-CGAY238, 5, 8, 1, Preserve, 2R, 1, 0.857143, 1.015010, 0.0, 1.0]', '[sub-CGAY239, 5, 8, 1, Preserve, 2R, 1, 0.857143, 1.226264, 0.0, 1.0]', '[sub-CGAY241, 5, 8, 1, Preserve, 2R, 1, 0.928571, 1.038507, 0.0, 1.0]', '[sub-CGAY242, 4, 6, 1, Preserve, 2R, 1, 0.857143, 0.849180, 0.0, 1.0]', '[sub-CGAY244, 4, 6, 1, Preserve, 2R, 1, 0.857143, 0.915017, 0.0, 1.0]', '[sub-CGAY245, 4, 6, 1, Preserve, 2R, 1, 0.857143, 0.804679, 0.0, 1.0]', '[sub-CGAY246, 4, 6, 1, Preserve, 2R, 1, 0.928571, 0.818231, 0.0, 1.0]', '[sub-CGAY247, 4, 6, 1, Preserve, 2R, 1, 0.928571, 1.778097, 0.0, 1.0]', '[sub-CGAY249, 5, 8, 1, Preserve, 2R, 1, 0.928571, 0.862186, 0.0, 1.0]', '[sub-CGAY250, 5, 8, 1, Preserve, 2R, 1, 0.857143, 1.133229, 0.0, 1.0]']",29
1,2R,1,0.5,1.0,"['[sub-CGAY215, 3, 4, 1, Expand, 2R, 1, 0.928571, 0.914741, 0.5, 1.0]', '[sub-CGAY219, 5, 9, 1, Expand, 2R, 1, 1.000000, 0.771271, 0.5, 1.0]', '[sub-CGAY225, 1, 0, 1, Expand, 2R, 1, 0.785714, 1.252926, 0.5, 1.0]', '[sub-CGAY227, 4, 7, 1, Expand, 2R, 1, 1.000000, 0.925120, 0.5, 1.0]', '[sub-CGAY228, 4, 7, 1, Expand, 2R, 1, 0.857143, 0.840370, 0.5, 1.0]', '[sub-CGAY229, 4, 7, 1, Expand, 2R, 1, 0.928571, 1.033296, 0.5, 1.0]', '[sub-CGAY231, 5, 9, 1, Expand, 2R, 1, 0.928571, 1.082025, 0.5, 1.0]', '[sub-CGAY232, 2, 2, 1, Expand, 2R, 1, 0.928571, 1.052539, 0.5, 1.0]', '[sub-CGAY235, 2, 2, 1, Expand, 2R, 1, 0.857143, 1.260894, 0.5, 1.0]', '[sub-CGAY237, 1, 0, 1, Expand, 2R, 1, 0.857143, 0.997512, 0.5, 1.0]', '[sub-CGAY243, 5, 9, 1, Expand, 2R, 1, 0.928571, 0.941084, 0.5, 1.0]', '[sub-CGAY247, 2, 2, 1, Expand, 2R, 1, 1.000000, 1.372972, 0.5, 1.0]', '[sub-CGAY249, 4, 7, 1, Expand, 2R, 1, 0.928571, 0.945836, 0.5, 1.0]', '[sub-CGAY250, 3, 4, 1, Expand, 2R, 1, 0.785714, 1.698598, 0.5, 1.0]']",14
1,2R,1,1.0,0.5,"['[sub-CGAY233, 2, 2, 1, Expand, 2R, 1, 0.857143, 1.010933, 1.0, 0.5]', '[sub-CGAY245, 2, 2, 1, Expand, 2R, 1, 0.928571, 0.922680, 1.0, 0.5]']",2
1,2R,2,0.0,0.0,"['[sub-CGAY216, 4, 7, 2, Expand, 2R, 1, 0.937500, 1.010936, 0.0, 0.0]', '[sub-CGAY224, 5, 9, 2, Expand, 2R, 1, 1.000000, 0.930612, 0.0, 0.0]']",2
1,2R,2,0.0,1.0,"['[sub-CGAY215, 4, 6, 2, Preserve, 2R, 1, 0.875000, 1.038741, 0.0, 1.0]', '[sub-CGAY217, 5, 8, 2, Preserve, 2R, 1, 0.937500, 0.663355, 0.0, 1.0]', '[sub-CGAY218, 4, 6, 2, Preserve, 2R, 1, 0.812500, 0.840973, 0.0, 1.0]', '[sub-CGAY219, 4, 6, 2, Preserve, 2R, 1, 0.875000, 0.809486, 0.0, 1.0]', '[sub-CGAY220, 5, 8, 2, Preserve, 2R, 1, 0.750000, 0.982687, 0.0, 1.0]', '[sub-CGAY221, 4, 6, 2, Preserve, 2R, 1, 0.937500, 0.726335, 0.0, 1.0]', '[sub-CGAY222, 5, 8, 2, Preserve, 2R, 1, 0.812500, 1.148766, 0.0, 1.0]', '[sub-CGAY224, 4, 6, 2, Preserve, 2R, 1, 0.937500, 0.923803, 0.0, 1.0]', '[sub-CGAY226, 5, 8, 2, Preserve, 2R, 1, 0.937500, 0.584916, 0.0, 1.0]', '[sub-CGAY227, 5, 8, 2, Preserve, 2R, 1, 0.937500, 0.590171, 0.0, 1.0]', '[sub-CGAY228, 5, 8, 2, Preserve, 2R, 1, 0.937500, 0.712925, 0.0, 1.0]', '[sub-CGAY230, 5, 8, 2, Preserve, 2R, 1, 0.937500, 1.014327, 0.0, 1.0]', '[sub-CGAY231, 4, 6, 2, Preserve, 2R, 1, 0.937500, 0.842935, 0.0, 1.0]', '[sub-CGAY232, 4, 6, 2, Preserve, 2R, 1, 0.937500, 0.831748, 0.0, 1.0]', '[sub-CGAY233, 4, 6, 2, Preserve, 2R, 1, 0.937500, 0.923450, 0.0, 1.0]', '[sub-CGAY234, 4, 6, 2, Preserve, 2R, 1, 0.875000, 0.828910, 0.0, 1.0]', '[sub-CGAY235, 4, 7, 2, Expand, 2R, 1, 0.875000, 0.923211, 0.0, 1.0]', '[sub-CGAY236, 5, 8, 2, Preserve, 2R, 1, 0.812500, 0.782751, 0.0, 1.0]', '[sub-CGAY237, 5, 8, 2, Preserve, 2R, 1, 0.937500, 1.029038, 0.0, 1.0]', '[sub-CGAY238, 5, 8, 2, Preserve, 2R, 1, 0.733333, 1.366959, 0.0, 1.0]', '[sub-CGAY239, 5, 8, 2, Preserve, 2R, 1, 0.937500, 0.922662, 0.0, 1.0]', '[sub-CGAY241, 5, 8, 2, Preserve, 2R, 1, 0.937500, 0.811247, 0.0, 1.0]', '[sub-CGAY242, 4, 6, 2, Preserve, 2R, 1, 0.875000, 1.014640, 0.0, 1.0]', '[sub-CGAY244, 4, 6, 2, Preserve, 2R, 1, 0.937500, 0.748159, 0.0, 1.0]', '[sub-CGAY245, 4, 6, 2, Preserve, 2R, 1, 0.937500, 0.816226, 0.0, 1.0]', '[sub-CGAY246, 4, 6, 2, Preserve, 2R, 1, 0.937500, 0.811289, 0.0, 1.0]', '[sub-CGAY247, 4, 6, 2, Preserve, 2R, 1, 0.937500, 0.808506, 0.0, 1.0]', '[sub-CGAY249, 5, 8, 2, Preserve, 2R, 1, 0.937500, 0.782250, 0.0, 1.0]', '[sub-CGAY250, 5, 8, 2, Preserve, 2R, 1, 0.812500, 1.217079, 0.0, 1.0]']",29
1,2R,2,0.5,1.0,"['[sub-CGAY215, 3, 4, 2, Expand, 2R, 1, 0.937500, 0.865261, 0.5, 1.0]', '[sub-CGAY219, 5, 9, 2, Expand, 2R, 1, 0.750000, 0.875767, 0.5, 1.0]', '[sub-CGAY225, 1, 0, 2, Expand, 2R, 1, 0.937500, 1.756763, 0.5, 1.0]', '[sub-CGAY227, 4, 7, 2, Expand, 2R, 1, 1.000000, 0.733136, 0.5, 1.0]', '[sub-CGAY228, 4, 7, 2, Expand, 2R, 1, 0.937500, 0.742334, 0.5, 1.0]', '[sub-CGAY229, 4, 7, 2, Expand, 2R, 1, 0.812500, 0.978577, 0.5, 1.0]', '[sub-CGAY231, 5, 9, 2, Expand, 2R, 1, 0.875000, 0.938142, 0.5, 1.0]', '[sub-CGAY232, 2, 2, 2, Expand, 2R, 1, 1.000000, 1.044501, 0.5, 1.0]', '[sub-CGAY235, 2, 2, 2, Expand, 2R, 1, 0.875000, 1.181477, 0.5, 1.0]', '[sub-CGAY237, 1, 0, 2, Expand, 2R, 1, 0.937500, 1.144888, 0.5, 1.0]', '[sub-CGAY243, 5, 9, 2, Expand, 2R, 1, 1.000000, 0.649281, 0.5, 1.0]', '[sub-CGAY247, 2, 2, 2, Expand, 2R, 1, 0.875000, 1.363354, 0.5, 1.0]', '[sub-CGAY249, 4, 7, 2, Expand, 2R, 1, 0.937500, 0.893861, 0.5, 1.0]', '[sub-CGAY250, 3, 4, 2, Expand, 2R, 1, 0.750000, 1.453812, 0.5, 1.0]']",14
1,2R,2,1.0,0.5,"['[sub-CGAY233, 2, 2, 2, Expand, 2R, 1, 1.000000, 0.945643, 1.0, 0.5]', '[sub-CGAY245, 2, 2, 2, Expand, 2R, 1, 1.000000, 0.838320, 1.0, 0.5]']",2
1,4R,1,0.0,0.0,"['[sub-CGAY216, 5, 9, 1, Destroy, 4R, 1, 1.000000, 0.776049, 0.0, 0.0]', '[sub-CGAY250, 1, 1, 1, Expand, 4R, 1, 0.928571, 1.389056, 0.0, 0.0]']",2
1,4R,1,0.0,1.0,"['[sub-CGAY215, 1, 0, 1, Destroy, 4R, 1, 0.785714, 1.525704, 0.0, 1.0]', '[sub-CGAY215, 3, 5, 1, Destroy, 4R, 1, 0.928571, 0.951580, 0.0, 1.0]', '[sub-CGAY216, 1, 1, 1, Destroy, 4R, 1, 0.785714, 0.928343, 0.0, 1.0]', '[sub-CGAY217, 1, 1, 1, Expand, 4R, 1, 0.928571, 1.408478, 0.0, 1.0]', '[sub-CGAY217, 5, 9, 1, Destroy, 4R, 1, 0.928571, 1.651898, 0.0, 1.0]', '[sub-CGAY224, 3, 5, 1, Expand, 4R, 1, 0.846154, 1.279658, 0.0, 1.0]', '[sub-CGAY226, 2, 3, 1, Destroy, 4R, 1, 0.785714, 0.882110, 0.0, 1.0]', '[sub-CGAY226, 3, 4, 1, Destroy, 4R, 1, 0.857143, 0.762607, 0.0, 1.0]', '[sub-CGAY226, 3, 5, 1, Expand, 4R, 1, 0.857143, 0.739148, 0.0, 1.0]', '[sub-CGAY228, 3, 4, 1, Destroy, 4R, 1, 0.785714, 1.072265, 0.0, 1.0]', '[sub-CGAY230, 1, 1, 1, Expand, 4R, 1, 0.928571, 0.896351, 0.0, 1.0]', '[sub-CGAY230, 2, 3, 1, Destroy, 4R, 1, 0.928571, 1.291050, 0.0, 1.0]', '[sub-CGAY230, 5, 9, 1, Destroy, 4R, 1, 1.000000, 1.065460, 0.0, 1.0]', '[sub-CGAY231, 2, 2, 1, Destroy, 4R, 1, 0.928571, 0.995104, 0.0, 1.0]', '[sub-CGAY232, 2, 3, 1, Destroy, 4R, 1, 0.928571, 1.054982, 0.0, 1.0]', '[sub-CGAY232, 3, 4, 1, Destroy, 4R, 1, 0.857143, 1.036808, 0.0, 1.0]', '[sub-CGAY237, 2, 2, 1, Destroy, 4R, 1, 0.857143, 1.253637, 0.0, 1.0]', '[sub-CGAY238, 1, 0, 1, Destroy, 4R, 1, 0.928571, 1.517680, 0.0, 1.0]', '[sub-CGAY238, 2, 3, 1, Destroy, 4R, 1, 0.857143, 1.172679, 0.0, 1.0]', '[sub-CGAY239, 3, 5, 1, Destroy, 4R, 1, 0.692308, 1.083001, 0.0, 1.0]', '[sub-CGAY239, 5, 9, 1, Destroy, 4R, 1, 0.923077, 1.571049, 0.0, 1.0]', '[sub-CGAY242, 2, 3, 1, Destroy, 4R, 1, 0.928571, 1.045491, 0.0, 1.0]', '[sub-CGAY243, 1, 1, 1, Destroy, 4R, 1, 1.000000, 0.967698, 0.0, 1.0]', '[sub-CGAY243, 3, 5, 1, Expand, 4R, 1, 0.928571, 0.945325, 0.0, 1.0]', '[sub-CGAY244, 1, 1, 1, Destroy, 4R, 1, 0.857143, 1.386954, 0.0, 1.0]', '[sub-CGAY244, 2, 2, 1, Destroy, 4R, 1, 0.928571, 0.979416, 0.0, 1.0]', '[sub-CGAY244, 2, 3, 1, Expand, 4R, 1, 1.000000, 0.953023, 0.0, 1.0]', '[sub-CGAY244, 4, 7, 1, Destroy, 4R, 1, 0.785714, 0.869244, 0.0, 1.0]', '[sub-CGAY245, 2, 3, 1, Destroy, 4R, 1, 0.846154, 0.962171, 0.0, 1.0]', '[sub-CGAY245, 3, 4, 1, Destroy, 4R, 1, 1.000000, 0.797979, 0.0, 1.0]', '[sub-CGAY247, 1, 1, 1, Expand, 4R, 1, 0.846154, 1.326350, 0.0, 1.0]', '[sub-CGAY249, 2, 3, 1, Destroy, 4R, 1, 0.928571, 1.371237, 0.0, 1.0]', '[sub-CGAY249, 3, 4, 1, Destroy, 4R, 1, 0.928571, 1.077916, 0.0, 1.0]', '[sub-CGAY249, 3, 5, 1, Expand, 4R, 1, 1.000000, 1.105415, 0.0, 1.0]', '[sub-CGAY250, 3, 5, 1, Destroy, 4R, 1, 0.928571, 1.319643, 0.0, 1.0]', '[sub-CGAY250, 5, 9, 1, Destroy, 4R, 1, 0.928571, 0.868490, 0.0, 1.0]']",36
1,4R,1,0.5,0.0,"['[sub-CGAY225, 1, 1, 1, Destroy, 4R, 1, 1.000000, 1.178906, 0.5, 0.0]', '[sub-CGAY235, 3, 5, 1, Expand, 4R, 1, 0.928571, 0.802902, 0.5, 0.0]']",2
1,4R,1,0.5,1.0,"['[sub-CGAY221, 2, 3, 1, Expand, 4R, 1, 0.857143, 0.926205, 0.5, 1.0]', '[sub-CGAY225, 3, 5, 1, Expand, 4R, 1, 0.928571, 1.088657, 0.5, 1.0]', '[sub-CGAY227, 1, 1, 1, Expand, 4R, 1, 1.000000, 0.853083, 0.5, 1.0]', '[sub-CGAY229, 2, 3, 1, Expand, 4R, 1, 0.785714, 0.964086, 0.5, 1.0]', '[sub-CGAY236, 1, 1, 1, Expand, 4R, 1, 0.928571, 0.956497, 0.5, 1.0]', '[sub-CGAY237, 2, 3, 1, Expand, 4R, 1, 1.000000, 1.265151, 0.5, 1.0]', '[sub-CGAY241, 1, 1, 1, Expand, 4R, 1, 0.857143, 0.822083, 0.5, 1.0]', '[sub-CGAY242, 3, 5, 1, Expand, 4R, 1, 0.857143, 0.870243, 0.5, 1.0]']",8
1,4R,1,1.0,0.0,"['[sub-CGAY222, 3, 4, 1, Destroy, 4R, 1, 0.928571, 1.024373, 1.0, 0.0]', '[sub-CGAY234, 1, 1, 1, Destroy, 4R, 1, 0.857143, 1.624475, 1.0, 0.0]']",2
1,4R,2,0.0,0.0,"['[sub-CGAY216, 5, 9, 2, Destroy, 4R, 1, 0.937500, 0.966345, 0.0, 0.0]', '[sub-CGAY250, 1, 1, 2, Expand, 4R, 1, 0.687500, 1.262490, 0.0, 0.0]']",2
1,4R,2,0.0,1.0,"['[sub-CGAY215, 1, 0, 2, Destroy, 4R, 1, 0.937500, 1.135243, 0.0, 1.0]', '[sub-CGAY215, 3, 5, 2, Destroy, 4R, 1, 0.937500, 1.015030, 0.0, 1.0]', '[sub-CGAY216, 1, 1, 2, Destroy, 4R, 1, 0.937500, 0.760960, 0.0, 1.0]', '[sub-CGAY217, 1, 1, 2, Expand, 4R, 1, 1.000000, 0.752413, 0.0, 1.0]', '[sub-CGAY217, 5, 9, 2, Destroy, 4R, 1, 0.933333, 1.231556, 0.0, 1.0]', '[sub-CGAY224, 3, 5, 2, Expand, 4R, 1, 0.875000, 1.011747, 0.0, 1.0]', '[sub-CGAY226, 2, 3, 2, Destroy, 4R, 1, 0.937500, 0.631198, 0.0, 1.0]', '[sub-CGAY226, 3, 4, 2, Destroy, 4R, 1, 1.000000, 0.676472, 0.0, 1.0]', '[sub-CGAY226, 3, 5, 2, Expand, 4R, 1, 0.937500, 0.806936, 0.0, 1.0]', '[sub-CGAY228, 3, 4, 2, Destroy, 4R, 1, 0.937500, 0.869751, 0.0, 1.0]', '[sub-CGAY230, 1, 1, 2, Expand, 4R, 1, 0.937500, 1.033580, 0.0, 1.0]', '[sub-CGAY230, 2, 3, 2, Destroy, 4R, 1, 0.937500, 1.196917, 0.0, 1.0]', '[sub-CGAY230, 5, 9, 2, Destroy, 4R, 1, 0.937500, 1.037688, 0.0, 1.0]', '[sub-CGAY231, 2, 2, 2, Destroy, 4R, 1, 0.937500, 0.777561, 0.0, 1.0]', '[sub-CGAY232, 2, 3, 2, Destroy, 4R, 1, 0.937500, 0.980837, 0.0, 1.0]', '[sub-CGAY232, 3, 4, 2, Destroy, 4R, 1, 0.937500, 0.881446, 0.0, 1.0]', '[sub-CGAY237, 2, 2, 2, Destroy, 4R, 1, 0.875000, 1.073980, 0.0, 1.0]', '[sub-CGAY238, 1, 0, 2, Destroy, 4R, 1, 0.937500, 2.093072, 0.0, 1.0]', '[sub-CGAY238, 2, 3, 2, Destroy, 4R, 1, 0.625000, 1.578733, 0.0, 1.0]', '[sub-CGAY239, 3, 5, 2, Destroy, 4R, 1, 0.937500, 0.828207, 0.0, 1.0]', '[sub-CGAY239, 5, 9, 2, Destroy, 4R, 1, 0.937500, 1.185607, 0.0, 1.0]', '[sub-CGAY242, 2, 3, 2, Destroy, 4R, 1, 0.937500, 1.047326, 0.0, 1.0]', '[sub-CGAY243, 1, 1, 2, Destroy, 4R, 1, 0.937500, 0.826347, 0.0, 1.0]', '[sub-CGAY243, 3, 5, 2, Expand, 4R, 1, 1.000000, 0.804401, 0.0, 1.0]', '[sub-CGAY244, 1, 1, 2, Destroy, 4R, 1, 1.000000, 0.884782, 0.0, 1.0]', '[sub-CGAY244, 2, 2, 2, Destroy, 4R, 1, 0.875000, 1.092132, 0.0, 1.0]', '[sub-CGAY244, 2, 3, 2, Expand, 4R, 1, 1.000000, 1.013916, 0.0, 1.0]', '[sub-CGAY244, 4, 7, 2, Destroy, 4R, 1, 0.937500, 0.766047, 0.0, 1.0]', '[sub-CGAY245, 2, 3, 2, Destroy, 4R, 1, 0.937500, 0.824981, 0.0, 1.0]', '[sub-CGAY245, 3, 4, 2, Destroy, 4R, 1, 0.937500, 0.840150, 0.0, 1.0]', '[sub-CGAY247, 1, 1, 2, Expand, 4R, 1, 1.000000, 0.781215, 0.0, 1.0]', '[sub-CGAY249, 2, 3, 2, Destroy, 4R, 1, 0.937500, 1.008408, 0.0, 1.0]', '[sub-CGAY249, 3, 4, 2, Destroy, 4R, 1, 0.937500, 1.164993, 0.0, 1.0]', '[sub-CGAY249, 3, 5, 2, Expand, 4R, 1, 1.000000, 0.917066, 0.0, 1.0]', '[sub-CGAY250, 3, 5, 2, Destroy, 4R, 1, 0.933333, 1.199292, 0.0, 1.0]', '[sub-CGAY250, 5, 9, 2, Destroy, 4R, 1, 0.875000, 1.151436, 0.0, 1.0]']",36
1,4R,2,0.5,0.0,"['[sub-CGAY225, 1, 1, 2, Destroy, 4R, 1, 0.400000, 2.468006, 0.5, 0.0]', '[sub-CGAY235, 3, 5, 2, Expand, 4R, 1, 0.750000, 1.640843, 0.5, 0.0]']",2
1,4R,2,0.5,1.0,"['[sub-CGAY221, 2, 3, 2, Expand, 4R, 1, 1.000000, 0.848593, 0.5, 1.0]', '[sub-CGAY225, 3, 5, 2, Expand, 4R, 1, 0.937500, 0.877674, 0.5, 1.0]', '[sub-CGAY227, 1, 1, 2, Expand, 4R, 1, 0.937500, 0.838305, 0.5, 1.0]', '[sub-CGAY229, 2, 3, 2, Expand, 4R, 1, 0.937500, 0.987093, 0.5, 1.0]', '[sub-CGAY236, 1, 1, 2, Expand, 4R, 1, 0.937500, 0.812705, 0.5, 1.0]', '[sub-CGAY237, 2, 3, 2, Expand, 4R, 1, 0.933333, 0.948667, 0.5, 1.0]', '[sub-CGAY241, 1, 1, 2, Expand, 4R, 1, 0.937500, 0.810227, 0.5, 1.0]', '[sub-CGAY242, 3, 5, 2, Expand, 4R, 1, 0.937500, 0.886767, 0.5, 1.0]']",8
1,4R,2,1.0,0.0,"['[sub-CGAY222, 3, 4, 2, Destroy, 4R, 1, 0.937500, 1.070980, 1.0, 0.0]', '[sub-CGAY234, 1, 1, 2, Destroy, 4R, 1, 1.000000, 1.127503, 1.0, 0.0]']",2
2,1R,1,0.0,0.0,"['[sub-CGAY232, 1, 0, 1, Preserve, 1R, 2, 0.785714, 1.708947, 0.0, 0.0]', '[sub-CGAY238, 3, 4, 1, Preserve, 1R, 2, 0.857143, 1.330169, 0.0, 0.0]']",2
2,1R,1,0.0,1.0,"['[sub-CGAY218, 2, 2, 1, Preserve, 1R, 2, 0.571429, 1.310385, 0.0, 1.0]', '[sub-CGAY236, 3, 4, 1, Preserve, 1R, 2, 0.928571, 1.113139, 0.0, 1.0]']",2
2,1R,1,1.0,0.0,"['[sub-CGAY238, 4, 6, 1, Preserve, 1R, 2, 0.857143, 1.459991, 1.0, 0.0]']",1
2,1R,2,0.0,0.0,"['[sub-CGAY232, 1, 0, 2, Preserve, 1R, 2, 0.933333, 0.899834, 0.0, 0.0]', '[sub-CGAY238, 3, 4, 2, Preserve, 1R, 2, 1.000000, 1.290266, 0.0, 0.0]']",2
2,1R,2,0.0,1.0,"['[sub-CGAY218, 2, 2, 2, Preserve, 1R, 2, 0.812500, 1.015528, 0.0, 1.0]', '[sub-CGAY236, 3, 4, 2, Preserve, 1R, 2, 0.937500, 0.723693, 0.0, 1.0]']",2
2,1R,2,1.0,0.0,"['[sub-CGAY238, 4, 6, 2, Preserve, 1R, 2, 0.937500, 1.194034, 1.0, 0.0]']",1
2,2R,1,0.0,1.0,"['[sub-CGAY221, 1, 0, 1, Expand, 2R, 2, 0.857143, 0.926646, 0.0, 1.0]', '[sub-CGAY250, 4, 7, 1, Expand, 2R, 2, 0.714286, 1.202004, 0.0, 1.0]']",2
2,2R,1,1.0,0.0,"['[sub-CGAY238, 2, 2, 1, Expand, 2R, 2, 0.928571, 1.404243, 1.0, 0.0]']",1
2,2R,2,0.0,1.0,"['[sub-CGAY221, 1, 0, 2, Expand, 2R, 2, 0.937500, 0.977680, 0.0, 1.0]', '[sub-CGAY250, 4, 7, 2, Expand, 2R, 2, 0.750000, 1.193430, 0.0, 1.0]']",2
2,2R,2,1.0,0.0,"['[sub-CGAY238, 2, 2, 2, Expand, 2R, 2, 0.687500, 1.519356, 1.0, 0.0]']",1
2,4R,1,0.0,0.0,"['[sub-CGAY215, 1, 1, 1, Expand, 4R, 2, 1.000000, 1.037464, 0.0, 0.0]']",1
2,4R,1,0.0,1.0,"['[sub-CGAY215, 4, 7, 1, Destroy, 4R, 2, 0.928571, 1.210627, 0.0, 1.0]', '[sub-CGAY217, 3, 5, 1, Destroy, 4R, 2, 1.000000, 0.998587, 0.0, 1.0]', '[sub-CGAY218, 4, 7, 1, Destroy, 4R, 2, 0.928571, 0.714893, 0.0, 1.0]', '[sub-CGAY219, 1, 1, 1, Expand, 4R, 2, 1.000000, 1.070970, 0.0, 1.0]', '[sub-CGAY219, 2, 3, 1, Destroy, 4R, 2, 0.928571, 1.152358, 0.0, 1.0]', '[sub-CGAY221, 1, 1, 1, Destroy, 4R, 2, 0.928571, 0.897599, 0.0, 1.0]', '[sub-CGAY222, 1, 1, 1, Destroy, 4R, 2, 0.928571, 1.264485, 0.0, 1.0]', '[sub-CGAY222, 3, 5, 1, Expand, 4R, 2, 0.857143, 1.127817, 0.0, 1.0]', '[sub-CGAY224, 1, 1, 1, Destroy, 4R, 2, 0.928571, 1.267897, 0.0, 1.0]', '[sub-CGAY227, 3, 5, 1, Destroy, 4R, 2, 0.857143, 0.952552, 0.0, 1.0]', '[sub-CGAY229, 3, 5, 1, Destroy, 4R, 2, 0.857143, 1.165467, 0.0, 1.0]', '[sub-CGAY231, 1, 1, 1, Destroy, 4R, 2, 0.857143, 1.253207, 0.0, 1.0]', '[sub-CGAY232, 3, 5, 1, Expand, 4R, 2, 0.642857, 1.355209, 0.0, 1.0]', '[sub-CGAY233, 1, 0, 1, Destroy, 4R, 2, 0.785714, 1.297369, 0.0, 1.0]', '[sub-CGAY233, 2, 3, 1, Destroy, 4R, 2, 0.923077, 1.114031, 0.0, 1.0]', '[sub-CGAY234, 3, 4, 1, Destroy, 4R, 2, 0.857143, 1.206421, 0.0, 1.0]', '[sub-CGAY236, 1, 0, 1, Destroy, 4R, 2, 0.928571, 1.152909, 0.0, 1.0]', '[sub-CGAY239, 1, 1, 1, Expand, 4R, 2, 0.769231, 1.090466, 0.0, 1.0]', '[sub-CGAY241, 5, 9, 1, Destroy, 4R, 2, 0.928571, 1.029441, 0.0, 1.0]', '[sub-CGAY245, 3, 5, 1, Expand, 4R, 2, 1.000000, 0.806793, 0.0, 1.0]', '[sub-CGAY246, 1, 0, 1, Destroy, 4R, 2, 1.000000, 0.862563, 0.0, 1.0]', '[sub-CGAY246, 1, 1, 1, Expand, 4R, 2, 0.928571, 0.908199, 0.0, 1.0]', '[sub-CGAY246, 2, 3, 1, Destroy, 4R, 2, 1.000000, 0.809759, 0.0, 1.0]', '[sub-CGAY247, 1, 0, 1, Destroy, 4R, 2, 0.857143, 2.044310, 0.0, 1.0]', '[sub-CGAY247, 2, 3, 1, Destroy, 4R, 2, 0.857143, 1.535813, 0.0, 1.0]']",25
2,4R,1,0.5,0.0,"['[sub-CGAY224, 3, 4, 1, Destroy, 4R, 2, 0.857143, 1.109759, 0.5, 0.0]']",1
2,4R,2,0.0,0.0,"['[sub-CGAY215, 1, 1, 2, Expand, 4R, 2, 0.875000, 1.179762, 0.0, 0.0]']",1
2,4R,2,0.0,1.0,"['[sub-CGAY215, 4, 7, 2, Destroy, 4R, 2, 0.875000, 1.155221, 0.0, 1.0]', '[sub-CGAY217, 3, 5, 2, Destroy, 4R, 2, 0.875000, 0.916238, 0.0, 1.0]', '[sub-CGAY218, 4, 7, 2, Destroy, 4R, 2, 0.812500, 0.939929, 0.0, 1.0]', '[sub-CGAY219, 1, 1, 2, Expand, 4R, 2, 0.937500, 0.998751, 0.0, 1.0]', '[sub-CGAY219, 2, 3, 2, Destroy, 4R, 2, 0.750000, 1.262559, 0.0, 1.0]', '[sub-CGAY221, 1, 1, 2, Destroy, 4R, 2, 0.937500, 0.815829, 0.0, 1.0]', '[sub-CGAY222, 1, 1, 2, Destroy, 4R, 2, 0.937500, 0.995537, 0.0, 1.0]', '[sub-CGAY222, 3, 5, 2, Expand, 4R, 2, 1.000000, 1.002642, 0.0, 1.0]', '[sub-CGAY224, 1, 1, 2, Destroy, 4R, 2, 0.875000, 1.342631, 0.0, 1.0]', '[sub-CGAY227, 3, 5, 2, Destroy, 4R, 2, 0.687500, 0.925911, 0.0, 1.0]', '[sub-CGAY229, 3, 5, 2, Destroy, 4R, 2, 0.750000, 0.992497, 0.0, 1.0]', '[sub-CGAY231, 1, 1, 2, Destroy, 4R, 2, 0.937500, 1.099288, 0.0, 1.0]', '[sub-CGAY232, 3, 5, 2, Expand, 4R, 2, 0.937500, 1.158801, 0.0, 1.0]', '[sub-CGAY233, 1, 0, 2, Destroy, 4R, 2, 0.937500, 0.950319, 0.0, 1.0]', '[sub-CGAY233, 2, 3, 2, Destroy, 4R, 2, 0.812500, 1.152343, 0.0, 1.0]', '[sub-CGAY234, 3, 4, 2, Destroy, 4R, 2, 0.937500, 1.061800, 0.0, 1.0]', '[sub-CGAY236, 1, 0, 2, Destroy, 4R, 2, 0.933333, 1.026728, 0.0, 1.0]', '[sub-CGAY239, 1, 1, 2, Expand, 4R, 2, 0.812500, 1.636911, 0.0, 1.0]', '[sub-CGAY241, 5, 9, 2, Destroy, 4R, 2, 0.812500, 1.276864, 0.0, 1.0]', '[sub-CGAY245, 3, 5, 2, Expand, 4R, 2, 0.937500, 0.992591, 0.0, 1.0]', '[sub-CGAY246, 1, 0, 2, Destroy, 4R, 2, 0.937500, 0.748839, 0.0, 1.0]', '[sub-CGAY246, 1, 1, 2, Expand, 4R, 2, 0.937500, 0.754184, 0.0, 1.0]', '[sub-CGAY246, 2, 3, 2, Destroy, 4R, 2, 0.875000, 0.727306, 0.0, 1.0]', '[sub-CGAY247, 1, 0, 2, Destroy, 4R, 2, 0.937500, 1.465897, 0.0, 1.0]', '[sub-CGAY247, 2, 3, 2, Destroy, 4R, 2, 0.937500, 1.079633, 0.0, 1.0]']",25
2,4R,2,0.5,0.0,"['[sub-CGAY224, 3, 4, 2, Destroy, 4R, 2, 0.875000, 0.993191, 0.5, 0.0]']",1
3,4R,1,0.5,0.0,"['[sub-CGAY218, 1, 1, 1, Expand, 4R, 3, 1.000000, 0.701380, 0.5, 0.0]']",1
3,4R,1,0.5,1.0,"['[sub-CGAY216, 2, 2, 1, Destroy, 4R, 3, 1.000000, 0.791691, 0.5, 1.0]', '[sub-CGAY218, 1, 0, 1, Destroy, 4R, 3, 1.000000, 1.072458, 0.5, 1.0]', '[sub-CGAY218, 3, 5, 1, Destroy, 4R, 3, 0.857143, 1.043587, 0.5, 1.0]', '[sub-CGAY219, 4, 7, 1, Destroy, 4R, 3, 1.000000, 0.691083, 0.5, 1.0]', '[sub-CGAY220, 1, 0, 1, Destroy, 4R, 3, 0.785714, 1.382411, 0.5, 1.0]', '[sub-CGAY220, 5, 9, 1, Destroy, 4R, 3, 1.000000, 1.023350, 0.5, 1.0]', '[sub-CGAY221, 2, 2, 1, Destroy, 4R, 3, 1.000000, 0.730984, 0.5, 1.0]', '[sub-CGAY221, 4, 7, 1, Destroy, 4R, 3, 0.928571, 0.885512, 0.5, 1.0]', '[sub-CGAY222, 5, 9, 1, Destroy, 4R, 3, 0.857143, 0.884212, 0.5, 1.0]', '[sub-CGAY224, 4, 7, 1, Destroy, 4R, 3, 0.785714, 0.913413, 0.5, 1.0]', '[sub-CGAY225, 3, 4, 1, Destroy, 4R, 3, 0.857143, 1.216971, 0.5, 1.0]', '[sub-CGAY225, 5, 9, 1, Destroy, 4R, 3, 1.000000, 0.865611, 0.5, 1.0]', '[sub-CGAY226, 5, 9, 1, Destroy, 4R, 3, 1.000000, 0.814489, 0.5, 1.0]', '[sub-CGAY227, 1, 0, 1, Destroy, 4R, 3, 0.923077, 1.052135, 0.5, 1.0]', '[sub-CGAY227, 5, 9, 1, Destroy, 4R, 3, 1.000000, 0.630365, 0.5, 1.0]', '[sub-CGAY228, 5, 9, 1, Destroy, 4R, 3, 0.857143, 0.756878, 0.5, 1.0]', '[sub-CGAY229, 5, 9, 1, Destroy, 4R, 3, 0.785714, 0.733741, 0.5, 1.0]', '[sub-CGAY230, 1, 0, 1, Destroy, 4R, 3, 0.928571, 0.925876, 0.5, 1.0]', '[sub-CGAY231, 4, 7, 1, Destroy, 4R, 3, 0.785714, 0.921018, 0.5, 1.0]', '[sub-CGAY232, 4, 7, 1, Destroy, 4R, 3, 0.714286, 0.978401, 0.5, 1.0]', '[sub-CGAY233, 4, 7, 1, Destroy, 4R, 3, 1.000000, 1.019132, 0.5, 1.0]', '[sub-CGAY234, 4, 7, 1, Destroy, 4R, 3, 1.000000, 0.871496, 0.5, 1.0]', '[sub-CGAY235, 2, 3, 1, Destroy, 4R, 3, 1.000000, 0.910039, 0.5, 1.0]', '[sub-CGAY235, 3, 4, 1, Destroy, 4R, 3, 0.928571, 0.758553, 0.5, 1.0]', '[sub-CGAY235, 5, 9, 1, Destroy, 4R, 3, 0.928571, 0.681954, 0.5, 1.0]', '[sub-CGAY236, 5, 9, 1, Destroy, 4R, 3, 0.857143, 0.705188, 0.5, 1.0]', '[sub-CGAY237, 1, 1, 1, Destroy, 4R, 3, 0.928571, 1.220635, 0.5, 1.0]', '[sub-CGAY237, 5, 9, 1, Destroy, 4R, 3, 0.928571, 1.062889, 0.5, 1.0]', '[sub-CGAY238, 5, 9, 1, Destroy, 4R, 3, 1.000000, 0.893018, 0.5, 1.0]', '[sub-CGAY239, 1, 0, 1, Destroy, 4R, 3, 0.923077, 1.303562, 0.5, 1.0]', '[sub-CGAY242, 3, 4, 1, Destroy, 4R, 3, 0.928571, 0.839298, 0.5, 1.0]', '[sub-CGAY242, 4, 7, 1, Destroy, 4R, 3, 0.928571, 0.837633, 0.5, 1.0]', '[sub-CGAY243, 3, 4, 1, Destroy, 4R, 3, 0.857143, 0.732852, 0.5, 1.0]', '[sub-CGAY243, 4, 7, 1, Destroy, 4R, 3, 0.857143, 0.942639, 0.5, 1.0]', '[sub-CGAY245, 4, 7, 1, Destroy, 4R, 3, 0.928571, 1.080889, 0.5, 1.0]', '[sub-CGAY247, 4, 7, 1, Destroy, 4R, 3, 0.857143, 1.319783, 0.5, 1.0]', '[sub-CGAY249, 5, 9, 1, Destroy, 4R, 3, 1.000000, 0.844496, 0.5, 1.0]']",37
3,4R,2,0.5,0.0,"['[sub-CGAY218, 1, 1, 2, Expand, 4R, 3, 0.687500, 0.905045, 0.5, 0.0]']",1
3,4R,2,0.5,1.0,"['[sub-CGAY216, 2, 2, 2, Destroy, 4R, 3, 0.937500, 0.986639, 0.5, 1.0]', '[sub-CGAY218, 1, 0, 2, Destroy, 4R, 3, 0.750000, 1.069609, 0.5, 1.0]', '[sub-CGAY218, 3, 5, 2, Destroy, 4R, 3, 0.312500, 1.321227, 0.5, 1.0]', '[sub-CGAY219, 4, 7, 2, Destroy, 4R, 3, 0.562500, 1.021513, 0.5, 1.0]', '[sub-CGAY220, 1, 0, 2, Destroy, 4R, 3, 0.625000, 1.986221, 0.5, 1.0]', '[sub-CGAY220, 5, 9, 2, Destroy, 4R, 3, 0.933333, 1.002716, 0.5, 1.0]', '[sub-CGAY221, 2, 2, 2, Destroy, 4R, 3, 0.875000, 0.910893, 0.5, 1.0]', '[sub-CGAY221, 4, 7, 2, Destroy, 4R, 3, 1.000000, 0.969051, 0.5, 1.0]', '[sub-CGAY222, 5, 9, 2, Destroy, 4R, 3, 0.812500, 1.270779, 0.5, 1.0]', '[sub-CGAY224, 4, 7, 2, Destroy, 4R, 3, 0.875000, 1.028428, 0.5, 1.0]', '[sub-CGAY225, 3, 4, 2, Destroy, 4R, 3, 0.937500, 0.944356, 0.5, 1.0]', '[sub-CGAY225, 5, 9, 2, Destroy, 4R, 3, 0.750000, 1.072519, 0.5, 1.0]', '[sub-CGAY226, 5, 9, 2, Destroy, 4R, 3, 0.875000, 0.737353, 0.5, 1.0]', '[sub-CGAY227, 1, 0, 2, Destroy, 4R, 3, 0.625000, 1.776274, 0.5, 1.0]', '[sub-CGAY227, 5, 9, 2, Destroy, 4R, 3, 0.625000, 1.119026, 0.5, 1.0]', '[sub-CGAY228, 5, 9, 2, Destroy, 4R, 3, 0.812500, 0.742823, 0.5, 1.0]', '[sub-CGAY229, 5, 9, 2, Destroy, 4R, 3, 0.812500, 0.978078, 0.5, 1.0]', '[sub-CGAY230, 1, 0, 2, Destroy, 4R, 3, 0.875000, 1.241476, 0.5, 1.0]', '[sub-CGAY231, 4, 7, 2, Destroy, 4R, 3, 1.000000, 0.997933, 0.5, 1.0]', '[sub-CGAY232, 4, 7, 2, Destroy, 4R, 3, 0.687500, 1.004645, 0.5, 1.0]', '[sub-CGAY233, 4, 7, 2, Destroy, 4R, 3, 0.812500, 1.028735, 0.5, 1.0]', '[sub-CGAY234, 4, 7, 2, Destroy, 4R, 3, 0.687500, 1.051698, 0.5, 1.0]', '[sub-CGAY235, 2, 3, 2, Destroy, 4R, 3, 0.666667, 1.092715, 0.5, 1.0]', '[sub-CGAY235, 3, 4, 2, Destroy, 4R, 3, 0.625000, 1.162903, 0.5, 1.0]', '[sub-CGAY235, 5, 9, 2, Destroy, 4R, 3, 0.600000, 1.999053, 0.5, 1.0]', '[sub-CGAY236, 5, 9, 2, Destroy, 4R, 3, 0.875000, 0.668126, 0.5, 1.0]', '[sub-CGAY237, 1, 1, 2, Destroy, 4R, 3, 0.750000, 1.242666, 0.5, 1.0]', '[sub-CGAY237, 5, 9, 2, Destroy, 4R, 3, 0.750000, 1.086975, 0.5, 1.0]', '[sub-CGAY238, 5, 9, 2, Destroy, 4R, 3, 0.812500, 1.066169, 0.5, 1.0]', '[sub-CGAY239, 1, 0, 2, Destroy, 4R, 3, 0.500000, 1.970095, 0.5, 1.0]', '[sub-CGAY242, 3, 4, 2, Destroy, 4R, 3, 0.812500, 0.812727, 0.5, 1.0]', '[sub-CGAY242, 4, 7, 2, Destroy, 4R, 3, 0.812500, 0.931869, 0.5, 1.0]', '[sub-CGAY243, 3, 4, 2, Destroy, 4R, 3, 0.875000, 1.006143, 0.5, 1.0]', '[sub-CGAY243, 4, 7, 2, Destroy, 4R, 3, 0.875000, 0.937199, 0.5, 1.0]', '[sub-CGAY245, 4, 7, 2, Destroy, 4R, 3, 0.875000, 0.912869, 0.5, 1.0]', '[sub-CGAY247, 4, 7, 2, Destroy, 4R, 3, 0.750000, 1.535483, 0.5, 1.0]', '[sub-CGAY249, 5, 9, 2, Destroy, 4R, 3, 0.875000, 1.046013, 0.5, 1.0]']",37
